{
  "id": "app_0f63e9c8ba314e85b46987175fc975be",
  "name": "app_0f63e9c8ba314e85b46987175fc975be",
  "metaData": {
    "name": "app_0f63e9c8ba314e85b46987175fc975be",
    "type": "app",
    "buildInfo": {
      "buildVersion": "0.0.0",
      "buildName": "パスワード収集モーダル"
    },
    "remoteEntry": {
      "name": "remoteEntry.js",
      "path": "",
      "type": "global"
    },
    "types": {
      "path": "",
      "name": "",
      "zip": "@mf-types.zip",
      "api": "@mf-types.d.ts"
    },
    "globalName": "app_0f63e9c8ba314e85b46987175fc975be",
    "pluginVersion": "0.6.7",
    "publicPath": "auto"
  },
  "shared": [
    {
      "singleton": true,
      "requiredVersion": "^18.3.1",
      "shareScope": "default",
      "name": "react-dom",
      "version": "18.3.1",
      "eager": false,
      "id": "app_0f63e9c8ba314e85b46987175fc975be:react-dom",
      "assets": {
        "js": {
          "async": [
            "540.js"
          ],
          "sync": [
            "961.js"
          ]
        },
        "css": {
          "async": [],
          "sync": []
        }
      },
      "usedIn": []
    },
    {
      "singleton": true,
      "requiredVersion": "^18.3.1",
      "shareScope": "default",
      "name": "react",
      "version": "18.3.1",
      "eager": false,
      "id": "app_0f63e9c8ba314e85b46987175fc975be:react",
      "assets": {
        "js": {
          "async": [],
          "sync": [
            "540.js"
          ]
        },
        "css": {
          "async": [],
          "sync": []
        }
      },
      "usedIn": []
    }
  ],
  "remotes": [],
  "exposes": [
    {
      "path": "./CustomOverlay",
      "id": "app_0f63e9c8ba314e85b46987175fc975be:CustomOverlay",
      "name": "CustomOverlay",
      "requires": [],
      "file": "src/components/CustomOverlay",
      "assets": {
        "js": {
          "sync": [
            "__federation_expose_CustomOverlay.js"
          ],
          "async": [
            "540.js"
          ]
        },
        "css": {
          "sync": [
            "assets/stylesheets/__federation_expose_CustomOverlay-4a8c7089727343e430c0.css"
          ],
          "async": []
        }
      }
    }
  ]
}